{"parent":"item/generated","textures":{"layer0":"item/glass_bottle"},"overrides":[{"predicate":{"custom_model_data":666},"model":"item/citric_acid"},{"predicate":{"custom_model_data":667},"model":"item/sulfuric_acid"},{"predicate":{"custom_model_data":668},"model":"item/diethyl_ether"},{"predicate":{"custom_model_data":669},"model":"item/ethanol"},{"predicate":{"custom_model_data":670},"model":"item/potassium_carbonate"},{"predicate":{"custom_model_data":671},"model":"item/calcium_hydroxide"},{"predicate":{"custom_model_data":672},"model":"item/potassium_hydroxide"},{"predicate":{"custom_model_data":673},"model":"item/ammonia"},{"predicate":{"custom_model_data":674},"model":"item/ergot_growth_medium"}]}