{"parent":"item/generated","textures":{"layer0":"item/glass_bottle"},"overrides":[{"predicate":{"custom_model_data":666},"model":"item/citric_acid"},{"predicate":{"custom_model_data":667},"model":"item/sulfuric_acid"},{"predicate":{"custom_model_data":668},"model":"item/diethyl_ether"},{"predicate":{"custom_model_data":669},"model":"item/ethanol"},{"predicate":{"custom_model_data":670},"model":"item/potassium_carbonate"},{"predicate":{"custom_model_data":671},"model":"item/calcium_hydroxide"},{"predicate":{"custom_model_data":672},"model":"item/potassium_hydroxide"},{"predicate":{"custom_model_data":673},"model":"item/ammonia"},{"predicate":{"custom_model_data":674},"model":"item/ergot_growth_medium"},{"predicate":{"custom_model_data":675},"model":"item/tartaric_acid"},{"predicate":{"custom_model_data":676},"model":"item/methanol"},{"predicate":{"custom_model_data":677},"model":"item/diethylamine"},{"predicate":{"custom_model_data":678},"model":"item/chloroform"},{"predicate":{"custom_model_data":679},"model":"item/phosphoryl_chloride"},{"predicate":{"custom_model_data":680},"model":"item/ammonium_hydroxide"},{"predicate":{"custom_model_data":681},"model":"item/magnesium_sulfate"},{"predicate":{"custom_model_data":682},"model":"item/benzene"},{"predicate":{"custom_model_data":683},"model":"item/ergotamine_tartrate"},{"predicate":{"custom_model_data":684},"model":"item/lysergic_acid"},{"predicate":{"custom_model_data":685},"model":"item/lsd_base"},{"predicate":{"custom_model_data":686},"model":"item/lsd"},{"predicate":{"custom_model_data":687},"model":"item/battery"},{"predicate":{"custom_model_data":688},"model":"item/chlorine_gas"},{"predicate":{"custom_model_data":689},"model":"item/methane"},{"predicate":{"custom_model_data":690},"model":"item/white_phosphorus"}]}