{
	"credit": "Made with Blockbench",
	"textures": {
		"0": "item/scale_hot_plate",
		"1": "item/scale_hot_plate_2",
		"particle": "item/scale_hot_plate"
	},
	"elements": [
		{
			"name": "scale body 1",
			"from": [1, 0, 9],
			"to": [7, 3, 15],
			"rotation": {"angle": 0, "axis": "y", "origin": [9, 8, 17]},
			"faces": {
				"north": {"uv": [0, 9, 6, 12], "texture": "#0"},
				"east": {"uv": [6, 6, 12, 9], "texture": "#0"},
				"south": {"uv": [0, 6, 6, 9], "texture": "#0"},
				"west": {"uv": [6, 9, 12, 12], "texture": "#0"},
				"up": {"uv": [0, 0, 6, 6], "texture": "#0"},
				"down": {"uv": [0, 0, 6, 6], "texture": "#missing"}
			}
		},
		{
			"name": "hot plate",
			"from": [9, 0, 9],
			"to": [15, 3, 15],
			"rotation": {"angle": 0, "axis": "y", "origin": [17, 8, 17]},
			"faces": {
				"north": {"uv": [0, 9, 6, 12], "texture": "#1"},
				"east": {"uv": [6, 6, 12, 9], "texture": "#1"},
				"south": {"uv": [0, 6, 6, 9], "texture": "#1"},
				"west": {"uv": [6, 9, 12, 12], "texture": "#1"},
				"up": {"uv": [0, 0, 6, 6], "texture": "#1"},
				"down": {"uv": [0, 0, 6, 6], "texture": "#missing"}
			}
		},
		{
			"name": "scale body 2",
			"from": [2, 3, 10],
			"to": [6, 4, 14],
			"rotation": {"angle": 0, "axis": "y", "origin": [10, 11, 18]},
			"faces": {
				"north": {"uv": [6, 5, 7, 6], "texture": "#0"},
				"east": {"uv": [6, 5, 7, 6], "texture": "#0"},
				"south": {"uv": [6, 5, 7, 6], "texture": "#0"},
				"west": {"uv": [6, 5, 7, 6], "texture": "#0"},
				"up": {"uv": [0, 0, 4, 4], "texture": "#missing"},
				"down": {"uv": [0, 0, 4, 4], "texture": "#missing"}
			}
		},
		{
			"name": "scale top",
			"from": [1, 4.01, 9],
			"to": [7, 4.01, 15],
			"rotation": {"angle": 0, "axis": "y", "origin": [9, 12, 17]},
			"faces": {
				"north": {"uv": [0, 0, 6, 0], "texture": "#missing"},
				"east": {"uv": [0, 0, 6, 0], "texture": "#missing"},
				"south": {"uv": [0, 0, 6, 0], "texture": "#missing"},
				"west": {"uv": [0, 0, 6, 0], "texture": "#missing"},
				"up": {"uv": [0, 0, 6, 6], "texture": "#0"},
				"down": {"uv": [0, 0, 6, 6], "texture": "#missing"}
			}
		},
		{
			"name": "scale number",
			"from": [2, 0, 8],
			"to": [6, 4, 9],
			"rotation": {"angle": 0, "axis": "y", "origin": [10, 8, 16]},
			"faces": {
				"north": {"uv": [6, 0, 10, 4], "texture": "#0"},
				"east": {"uv": [6, 5, 7, 6], "texture": "#0"},
				"south": {"uv": [6, 5, 7, 6], "texture": "#0"},
				"west": {"uv": [6, 5, 7, 6], "texture": "#0"},
				"up": {"uv": [6, 5, 7, 6], "texture": "#0"},
				"down": {"uv": [6, 5, 7, 6], "texture": "#0"}
			}
		},
		{
			"name": "hot plate button",
			"from": [13.5, 1.5, 8.5],
			"to": [14.5, 2.5, 9.5],
			"rotation": {"angle": 0, "axis": "y", "origin": [21, 9, 16]},
			"faces": {
				"north": {"uv": [6, 0, 7, 1], "texture": "#1"},
				"east": {"uv": [6, 0, 7, 1], "texture": "#1"},
				"south": {"uv": [6, 0, 7, 1], "texture": "#1"},
				"west": {"uv": [6, 0, 7, 1], "texture": "#1"},
				"up": {"uv": [6, 0, 7, 1], "texture": "#1"},
				"down": {"uv": [6, 0, 7, 1], "texture": "#1"}
			}
		},
		{
			"name": "paper",
			"from": [10, 0.01, 1],
			"to": [15, 0.01, 8],
			"rotation": {"angle": 0, "axis": "y", "origin": [18, 8, 9]},
			"faces": {
				"north": {"uv": [0, 0, 5, 0], "texture": "#missing"},
				"east": {"uv": [0, 0, 7, 0], "texture": "#missing"},
				"south": {"uv": [0, 0, 5, 0], "texture": "#missing"},
				"west": {"uv": [0, 0, 7, 0], "texture": "#missing"},
				"up": {"uv": [0, 0, 1, 1], "texture": "#1"},
				"down": {"uv": [0, 0, 5, 7], "texture": "#missing"}
			}
		},
		{
			"from": [12, 0, 2],
			"to": [13, 1, 3],
			"rotation": {"angle": 0, "axis": "y", "origin": [20, 8, 10]},
			"faces": {
				"north": {"uv": [15, 0, 16, 1], "texture": "#1"},
				"east": {"uv": [15, 0, 16, 1], "texture": "#1"},
				"south": {"uv": [15, 0, 16, 1], "texture": "#1"},
				"west": {"uv": [15, 0, 16, 1], "texture": "#1"},
				"up": {"uv": [15, 0, 16, 1], "texture": "#1"},
				"down": {"uv": [15, 0, 16, 1], "texture": "#1"}
			}
		},
		{
			"from": [10, 0, 4],
			"to": [11, 1, 5],
			"rotation": {"angle": 0, "axis": "y", "origin": [18, 8, 12]},
			"faces": {
				"north": {"uv": [15, 0, 16, 1], "texture": "#1"},
				"east": {"uv": [15, 0, 16, 1], "texture": "#1"},
				"south": {"uv": [15, 0, 16, 1], "texture": "#1"},
				"west": {"uv": [15, 0, 16, 1], "texture": "#1"},
				"up": {"uv": [15, 0, 16, 1], "texture": "#1"},
				"down": {"uv": [15, 0, 16, 1], "texture": "#1"}
			}
		},
		{
			"from": [12, 0, 6],
			"to": [13, 1, 7],
			"rotation": {"angle": 0, "axis": "y", "origin": [20, 8, 14]},
			"faces": {
				"north": {"uv": [15, 0, 16, 1], "texture": "#1"},
				"east": {"uv": [15, 0, 16, 1], "texture": "#1"},
				"south": {"uv": [15, 0, 16, 1], "texture": "#1"},
				"west": {"uv": [15, 0, 16, 1], "texture": "#1"},
				"up": {"uv": [15, 0, 16, 1], "texture": "#1"},
				"down": {"uv": [15, 0, 16, 1], "texture": "#1"}
			}
		},
		{
			"from": [14, 0, 4],
			"to": [15, 1, 5],
			"rotation": {"angle": 0, "axis": "y", "origin": [22, 8, 12]},
			"faces": {
				"north": {"uv": [15, 0, 16, 1], "texture": "#1"},
				"east": {"uv": [15, 0, 16, 1], "texture": "#1"},
				"south": {"uv": [15, 0, 16, 1], "texture": "#1"},
				"west": {"uv": [15, 0, 16, 1], "texture": "#1"},
				"up": {"uv": [15, 0, 16, 1], "texture": "#1"},
				"down": {"uv": [15, 0, 16, 1], "texture": "#1"}
			}
		},
		{
			"from": [11, 0, 3],
			"to": [14, 1, 6],
			"rotation": {"angle": 0, "axis": "y", "origin": [19, 8, 11]},
			"faces": {
				"north": {"uv": [15, 0, 16, 1], "texture": "#1"},
				"east": {"uv": [15, 0, 16, 1], "texture": "#1"},
				"south": {"uv": [15, 0, 16, 1], "texture": "#1"},
				"west": {"uv": [15, 0, 16, 1], "texture": "#1"},
				"up": {"uv": [15, 0, 16, 1], "texture": "#1"},
				"down": {"uv": [15, 0, 16, 1], "texture": "#1"}
			}
		},
		{
			"from": [12, 1, 3],
			"to": [13, 2, 4],
			"rotation": {"angle": 0, "axis": "y", "origin": [20, 9, 11]},
			"faces": {
				"north": {"uv": [15, 0, 16, 1], "texture": "#1"},
				"east": {"uv": [15, 0, 16, 1], "texture": "#1"},
				"south": {"uv": [15, 0, 16, 1], "texture": "#1"},
				"west": {"uv": [15, 0, 16, 1], "texture": "#1"},
				"up": {"uv": [15, 0, 16, 1], "texture": "#1"},
				"down": {"uv": [15, 0, 16, 1], "texture": "#1"}
			}
		},
		{
			"from": [12, 1, 5],
			"to": [13, 2, 6],
			"rotation": {"angle": 0, "axis": "y", "origin": [20, 9, 13]},
			"faces": {
				"north": {"uv": [15, 0, 16, 1], "texture": "#1"},
				"east": {"uv": [15, 0, 16, 1], "texture": "#1"},
				"south": {"uv": [15, 0, 16, 1], "texture": "#1"},
				"west": {"uv": [15, 0, 16, 1], "texture": "#1"},
				"up": {"uv": [15, 0, 16, 1], "texture": "#1"},
				"down": {"uv": [15, 0, 16, 1], "texture": "#1"}
			}
		},
		{
			"from": [12, 2, 4],
			"to": [13, 3, 5],
			"rotation": {"angle": 0, "axis": "y", "origin": [20, 10, 12]},
			"faces": {
				"north": {"uv": [15, 0, 16, 1], "texture": "#1"},
				"east": {"uv": [15, 0, 16, 1], "texture": "#1"},
				"south": {"uv": [15, 0, 16, 1], "texture": "#1"},
				"west": {"uv": [15, 0, 16, 1], "texture": "#1"},
				"up": {"uv": [15, 0, 16, 1], "texture": "#1"},
				"down": {"uv": [15, 0, 16, 1], "texture": "#1"}
			}
		},
		{
			"from": [11, 1, 4],
			"to": [14, 2, 5],
			"rotation": {"angle": 0, "axis": "y", "origin": [19, 9, 12]},
			"faces": {
				"north": {"uv": [15, 0, 16, 1], "texture": "#1"},
				"east": {"uv": [15, 0, 16, 1], "texture": "#1"},
				"south": {"uv": [15, 0, 16, 1], "texture": "#1"},
				"west": {"uv": [15, 0, 16, 1], "texture": "#1"},
				"up": {"uv": [15, 0, 16, 1], "texture": "#1"},
				"down": {"uv": [15, 0, 16, 1], "texture": "#1"}
			}
		},
		{
			"from": [6, 0, 4],
			"to": [9, 0, 7],
			"rotation": {"angle": 0, "axis": "y", "origin": [14, 8, 12]},
			"faces": {
				"north": {"uv": [0, 0, 3, 0], "texture": "#missing"},
				"east": {"uv": [0, 0, 3, 0], "texture": "#missing"},
				"south": {"uv": [0, 0, 3, 0], "texture": "#missing"},
				"west": {"uv": [0, 0, 3, 0], "texture": "#missing"},
				"up": {"uv": [1, 1, 4, 4], "texture": "#0"},
				"down": {"uv": [0, 0, 3, 3], "texture": "#missing"}
			}
		},
		{
			"from": [7, 0, 1],
			"to": [9, 0, 3],
			"rotation": {"angle": 0, "axis": "y", "origin": [15, 8, 9]},
			"faces": {
				"north": {"uv": [0, 0, 3, 0], "texture": "#missing"},
				"east": {"uv": [0, 0, 3, 0], "texture": "#missing"},
				"south": {"uv": [0, 0, 3, 0], "texture": "#missing"},
				"west": {"uv": [0, 0, 3, 0], "texture": "#missing"},
				"up": {"uv": [1, 1, 4, 4], "texture": "#0"},
				"down": {"uv": [0, 0, 3, 3], "texture": "#missing"}
			}
		},
		{
			"from": [1, 1, 5],
			"to": [6, 1, 6],
			"rotation": {"angle": 0, "axis": "y", "origin": [9, 9, 13]},
			"faces": {
				"north": {"uv": [0, 0, 3, 0], "texture": "#missing"},
				"east": {"uv": [0, 0, 3, 0], "texture": "#missing"},
				"south": {"uv": [0, 0, 3, 0], "texture": "#missing"},
				"west": {"uv": [0, 0, 3, 0], "texture": "#missing"},
				"up": {"uv": [1, 1, 4, 4], "texture": "#0"},
				"down": {"uv": [0, 0, 3, 3], "texture": "#missing"}
			}
		},
		{
			"from": [2, 1, 1.5],
			"to": [7, 1, 2.5],
			"rotation": {"angle": 0, "axis": "y", "origin": [10, 9, 9]},
			"faces": {
				"north": {"uv": [0, 0, 3, 0], "texture": "#missing"},
				"east": {"uv": [0, 0, 3, 0], "texture": "#missing"},
				"south": {"uv": [0, 0, 3, 0], "texture": "#missing"},
				"west": {"uv": [0, 0, 3, 0], "texture": "#missing"},
				"up": {"uv": [1, 1, 4, 4], "texture": "#0"},
				"down": {"uv": [0, 0, 3, 3], "texture": "#missing"}
			}
		},
		{
			"from": [6, 0, 7],
			"to": [9, 1, 7],
			"rotation": {"angle": 0, "axis": "y", "origin": [14, 8, 15]},
			"faces": {
				"north": {"uv": [1, 2, 4, 3], "texture": "#0"},
				"east": {"uv": [0, 0, 0, 1], "texture": "#missing"},
				"south": {"uv": [1, 2, 4, 3], "texture": "#0"},
				"west": {"uv": [0, 0, 0, 1], "texture": "#missing"},
				"up": {"uv": [0, 0, 3, 0], "texture": "#missing"},
				"down": {"uv": [0, 0, 3, 0], "texture": "#missing"}
			}
		},
		{
			"from": [7, 0, 3],
			"to": [9, 1, 3],
			"rotation": {"angle": 0, "axis": "y", "origin": [15, 8, 11]},
			"faces": {
				"north": {"uv": [1, 2, 4, 3], "texture": "#0"},
				"east": {"uv": [0, 0, 0, 1], "texture": "#missing"},
				"south": {"uv": [1, 2, 4, 3], "texture": "#0"},
				"west": {"uv": [0, 0, 0, 1], "texture": "#missing"},
				"up": {"uv": [0, 0, 3, 0], "texture": "#missing"},
				"down": {"uv": [0, 0, 3, 0], "texture": "#missing"}
			}
		},
		{
			"from": [7, 0, 1],
			"to": [9, 1, 1],
			"rotation": {"angle": 0, "axis": "y", "origin": [15, 8, 9]},
			"faces": {
				"north": {"uv": [1, 2, 4, 3], "texture": "#0"},
				"east": {"uv": [0, 0, 0, 1], "texture": "#missing"},
				"south": {"uv": [1, 2, 4, 3], "texture": "#0"},
				"west": {"uv": [0, 0, 0, 1], "texture": "#missing"},
				"up": {"uv": [0, 0, 3, 0], "texture": "#missing"},
				"down": {"uv": [0, 0, 3, 0], "texture": "#missing"}
			}
		},
		{
			"from": [6, 0, 4],
			"to": [9, 1, 4],
			"rotation": {"angle": 0, "axis": "y", "origin": [14, 8, 12]},
			"faces": {
				"north": {"uv": [1, 2, 4, 3], "texture": "#0"},
				"east": {"uv": [0, 0, 0, 1], "texture": "#missing"},
				"south": {"uv": [1, 2, 4, 3], "texture": "#0"},
				"west": {"uv": [0, 0, 0, 1], "texture": "#missing"},
				"up": {"uv": [0, 0, 3, 0], "texture": "#missing"},
				"down": {"uv": [0, 0, 3, 0], "texture": "#missing"}
			}
		},
		{
			"from": [6, 0, 4],
			"to": [6, 1, 7],
			"rotation": {"angle": 0, "axis": "y", "origin": [14, 8, 12]},
			"faces": {
				"north": {"uv": [0, 0, 0, 1], "texture": "#0"},
				"east": {"uv": [2, 1, 5, 2], "texture": "#0"},
				"south": {"uv": [0, 0, 0, 1], "texture": "#missing"},
				"west": {"uv": [2, 1, 5, 2], "texture": "#0"},
				"up": {"uv": [0, 0, 0, 3], "texture": "#missing"},
				"down": {"uv": [0, 0, 0, 3], "texture": "#missing"}
			}
		},
		{
			"from": [9, 0, 4],
			"to": [9, 1, 7],
			"rotation": {"angle": 0, "axis": "y", "origin": [17, 8, 12]},
			"faces": {
				"north": {"uv": [0, 0, 0, 1], "texture": "#0"},
				"east": {"uv": [2, 1, 5, 2], "texture": "#0"},
				"south": {"uv": [0, 0, 0, 1], "texture": "#missing"},
				"west": {"uv": [2, 1, 5, 2], "texture": "#0"},
				"up": {"uv": [0, 0, 0, 3], "texture": "#missing"},
				"down": {"uv": [0, 0, 0, 3], "texture": "#missing"}
			}
		},
		{
			"from": [9, 0, 1],
			"to": [9, 1, 3],
			"rotation": {"angle": 0, "axis": "y", "origin": [17, 8, 9]},
			"faces": {
				"north": {"uv": [0, 0, 0, 1], "texture": "#0"},
				"east": {"uv": [2, 1, 5, 2], "texture": "#0"},
				"south": {"uv": [0, 0, 0, 1], "texture": "#missing"},
				"west": {"uv": [2, 1, 5, 2], "texture": "#0"},
				"up": {"uv": [0, 0, 0, 3], "texture": "#missing"},
				"down": {"uv": [0, 0, 0, 3], "texture": "#missing"}
			}
		},
		{
			"from": [7, 0, 1],
			"to": [7, 1, 3],
			"rotation": {"angle": 0, "axis": "y", "origin": [15, 8, 9]},
			"faces": {
				"north": {"uv": [0, 0, 0, 1], "texture": "#0"},
				"east": {"uv": [2, 1, 5, 2], "texture": "#0"},
				"south": {"uv": [0, 0, 0, 1], "texture": "#missing"},
				"west": {"uv": [2, 1, 5, 2], "texture": "#0"},
				"up": {"uv": [0, 0, 0, 3], "texture": "#missing"},
				"down": {"uv": [0, 0, 0, 3], "texture": "#missing"}
			}
		}
	],
	"display": {
		"head": {
			"scale": [1.6, 1.6, 1.6]
		}
	},
	"groups": [0, 1, 2, 3, 4, 5, 6,
		{
			"name": "group",
			"origin": [19, 8, 10],
			"children": [7, 8, 9, 10, 11, 12, 13, 14, 15]
		}, 16, 17, 18, 19, 20, 21, 22, 23, 24, 25, 26, 27]
}