{
	"credit": "Made with Blockbench",
	"textures": {
		"0": "item/beaker",
		"1": "item/flask_bottom",
		"2": "item/vial_holder",
		"particle": "item/beaker"
	},
	"elements": [
		{
			"from": [11, 0, 11],
			"to": [15, 6, 15],
			"rotation": {"angle": 0, "axis": "y", "origin": [19, 8, 19]},
			"faces": {
				"north": {"uv": [0, 6, 4, 12], "texture": "#0"},
				"east": {"uv": [12, 0, 16, 6], "texture": "#0"},
				"south": {"uv": [0, 0, 4, 6], "texture": "#0"},
				"west": {"uv": [8, 0, 12, 6], "texture": "#0"},
				"up": {"uv": [4, 0, 8, 4], "texture": "#0"},
				"down": {"uv": [8, 0, 12, 4], "texture": "#0"}
			}
		},
		{
			"from": [6, 0, 11],
			"to": [10, 6, 15],
			"rotation": {"angle": 0, "axis": "y", "origin": [14, 8, 19]},
			"faces": {
				"north": {"uv": [0, 6, 4, 12], "texture": "#0"},
				"east": {"uv": [12, 0, 16, 6], "texture": "#0"},
				"south": {"uv": [0, 0, 4, 6], "texture": "#0"},
				"west": {"uv": [8, 0, 12, 6], "texture": "#0"},
				"up": {"uv": [4, 0, 8, 4], "texture": "#0"},
				"down": {"uv": [8, 0, 12, 4], "texture": "#0"}
			}
		},
		{
			"from": [1, 0, 11],
			"to": [5, 6, 15],
			"rotation": {"angle": 0, "axis": "y", "origin": [9, 8, 19]},
			"faces": {
				"north": {"uv": [0, 6, 4, 12], "texture": "#0"},
				"east": {"uv": [12, 0, 16, 6], "texture": "#0"},
				"south": {"uv": [0, 0, 4, 6], "texture": "#0"},
				"west": {"uv": [8, 0, 12, 6], "texture": "#0"},
				"up": {"uv": [4, 0, 8, 4], "texture": "#0"},
				"down": {"uv": [8, 0, 12, 4], "texture": "#0"}
			}
		},
		{
			"from": [9, 0, 3],
			"to": [15, 4, 9],
			"rotation": {"angle": 0, "axis": "y", "origin": [17, 8, 11]},
			"faces": {
				"north": {"uv": [0, 8, 6, 12], "texture": "#1"},
				"east": {"uv": [6, 12, 12, 16], "texture": "#1"},
				"south": {"uv": [0, 12, 6, 16], "texture": "#1"},
				"west": {"uv": [6, 8, 12, 12], "texture": "#1"},
				"up": {"uv": [0, 2, 6, 8], "texture": "#1"},
				"down": {"uv": [0, 2, 6, 8], "texture": "#1"}
			}
		},
		{
			"from": [10, 4, 4],
			"to": [14, 8, 8],
			"rotation": {"angle": 0, "axis": "y", "origin": [18, 12, 12]},
			"faces": {
				"north": {"uv": [0, 6, 4, 10], "texture": "#0"},
				"east": {"uv": [12, 0, 16, 4], "texture": "#0"},
				"south": {"uv": [0, 0, 4, 4], "texture": "#0"},
				"west": {"uv": [8, 0, 12, 4], "texture": "#0"},
				"up": {"uv": [4, 0, 8, 4], "texture": "#0"},
				"down": {"uv": [4, 0, 8, 4], "texture": "#0"}
			}
		},
		{
			"from": [1, 0, 1],
			"to": [8, 5, 8],
			"rotation": {"angle": 0, "axis": "y", "origin": [9, 8, 9]},
			"faces": {
				"north": {"uv": [7, 10, 14, 15], "texture": "#2"},
				"east": {"uv": [7, 0, 14, 5], "texture": "#2"},
				"south": {"uv": [7, 5, 14, 10], "texture": "#2"},
				"west": {"uv": [0, 7, 7, 12], "texture": "#2"},
				"up": {"uv": [0, 0, 7, 7], "texture": "#2"},
				"down": {"uv": [0, 0, 7, 7], "texture": "#missing"}
			}
		}
	],
	"groups": [0, 1, 2,
		{
			"name": "group",
			"origin": [18, 12, 12],
			"children": [3, 4]
        }, 5],
    "display": {
        "head": {
            "scale": [1.60, 1.60, 1.60]
        }
    }
}