{
    "targets": [
        "swap",
        "counter"
    ],
    "passes": [
		{
           "name": "m_counter",
           "intarget": "minecraft:main",
           "outtarget": "swap",
           "auxtargets": [
                {
                    "name": "CounterSampler",
                    "id": "counter",
					"bilinear": false
                }
           ]
		},
        {
            "name": "blit",
            "intarget": "swap",
            "outtarget": "counter"
        },
        {
            "name": "mandelbrot",
            "intarget": "minecraft:main",
            "outtarget": "swap",
            "auxtargets": [
                {
                    "name": "CounterSampler",
                    "id": "counter",
					"bilinear": false
                }
            ]
        },
        {
            "name": "blit",
            "intarget": "swap",
            "outtarget": "minecraft:main"
        }
    ]
}
