{
    "targets": [
        "swap",
        "counter",
        "timer"
    ],
    "passes": [
        {
            "name": "mandelbrot",
            "intarget": "minecraft:main",
            "outtarget": "swap",
            "auxtargets": [
                {
                    "name": "CounterSampler",
                    "id": "counter"
                }
            ]
        },
        {
            "name": "blit",
            "intarget": "swap",
            "outtarget": "minecraft:main"
        },
		{
           "name": "m_counter",
           "intarget": "counter",
           "outtarget": "swap"
		},
        {
            "name": "blit",
            "intarget": "swap",
            "outtarget": "counter"
        }
    ]
}
