{
    "targets": [
        "swap",
        "counter",
        "counter2",
        "previous"
    ],
    "passes": [
        {
            "name": "blit",
            "intarget": "swap",
            "outtarget": "previous",
            "uniforms": []
        },



        {
            "name": "invert",
            "intarget": "minecraft:main",
            "outtarget": "swap",
            "auxtargets": [
                {
                    "name": "CounterSampler",
                    "id": "counter"
                },
                {
                    "name": "PrevSampler",
                    "id": "previous"
                }
            ],
            "uniforms": []
        },



        {
            "name": "increment",
            "intarget": "counter",
            "outtarget": "counter2",
            "auxtargets": [
                {
                    "name": "GameSampler",
                    "id": "minecraft:main"
                }
            ]
        },
        {
            "name": "increment",
            "intarget": "counter2",
            "outtarget": "counter",
            "auxtargets": [
                {
                    "name": "GameSampler",
                    "id": "minecraft:main"
                }
            ]
        },



        {
            "name": "blit",
            "intarget": "swap",
            "outtarget": "minecraft:main"
        }
    ]
}
