{
    "targets": [
        "swap",
        "counter"
    ],
    "passes": [
        {
            "name": "blit",
            "intarget": "counter",
            "outtarget": "swap"
        },
        {
            "name": "increment",
            "intarget": "swap",
            "outtarget": "counter",
            "auxtargets": [
                {
                    "name": "GameSampler",
                    "id": "minecraft:main"
                }
            ]
        },
        {
            "name": "spider",
            "intarget": "minecraft:main",
            "outtarget": "swap",
            "auxtargets": [
                {
                    "name": "IncrementSampler",
                    "id": "counter"
                }
            ]
        },
        {
            "name": "blit",
            "intarget": "swap",
            "outtarget": "minecraft:main"
        }
    ]
}
